<?xml version="1.0" encoding="ISO-8859-1"?>
<generex>
	<nms><cfg>
			<!-- users: unms user management -->
			<usrmgm oid="8" auth="0" sessiontimeout="-1">
				<groups oid="9">
					<group oid="adm" name="Administrators" desc="Full access" role="adm">
						<member refoid="adm"/>
					</group>
					<group oid="opr" name="Operators" role="opr">
						<member refoid="{7CE4F07C-40CB-4E16-AD7F-3B99BBF12195}"/>
					</group>
					<group oid="usr" name="Users" role="usr">
						<member refoid="{9C7D2BAB-ACB8-4719-B9C7-578A492B84B4}"/>
					</group>
					<group oid="any" name="Everyone"><member refoid="adm"/><member refoid="{7CE4F07C-40CB-4E16-AD7F-3B99BBF12195}"/><member refoid="{9C7D2BAB-ACB8-4719-B9C7-578A492B84B4}"/></group></groups>
				<users oid="10">
					<user oid="adm">
						<name><![CDATA[admin]]></name>
						<pass><![CDATA[]]></pass>
						<desc><![CDATA[System Administrator]]></desc>
						<mail><![CDATA[]]></mail>
					</user>
					<user oid="{7CE4F07C-40CB-4E16-AD7F-3B99BBF12195}">
						<name><![CDATA[operator]]></name>
						<pass><![CDATA[]]></pass>
						<desc><![CDATA[Operator Account]]></desc>
						<mail><![CDATA[]]></mail>
					</user>
					<user oid="{9C7D2BAB-ACB8-4719-B9C7-578A492B84B4}">
						<name><![CDATA[guest]]></name>
						<pass><![CDATA[]]></pass>
						<desc><![CDATA[Guest Account]]></desc>
						<mail><![CDATA[]]></mail>
					</user>
				</users>
				<roles oid="roles"><role oid="adm" name="Administrator"/><role oid="opr" name="Operator"/><role oid="usr" name="User"/></roles></usrmgm>
		</cfg></nms>
</generex>
