<?xml version="1.0" encoding="ISO-8859-1"?>
<generex>
	<nms><cfg>
			<!-- views: Graphical display objects -->
			<views oid="4">
				<view oid="1" refoid="1" class="zones" background="backgrnd.png" w="835" h="538">
					<shape class="zone" refoid="{0BCE8439-3C53-46B0-A3B3-B2B0A383CA97}" x="191" y="148"/>
					<shape class="zone" refoid="{6CE1D8AE-5312-4D01-9B43-604FFE1DE93F}" x="368" y="238"/>
					<shape class="zone" refoid="{6F0AB76E-57CE-4DC9-AD19-72986FBD497D}" x="190" y="273"/>
					<shape class="zone" refoid="{FF651EB4-890A-4FAF-A396-A332D8564BFD}" x="579" y="282"/>
				</view>
				<view oid="{0BCE8439-3C53-46B0-A3B3-B2B0A383CA97}" refoid="{0BCE8439-3C53-46B0-A3B3-B2B0A383CA97}" script="subzone.xsl" background="am3attica.png" w="1254" h="868"><shape class="zone" refoid="{8C8BB1F5-2699-4E5A-9078-B0BBB24E6132}" x="340" y="352"/><shape class="zone" refoid="{C0607185-89F6-4DE2-9553-47F6182D220A}" x="475" y="395"/><shape class="zone" refoid="{06DB5307-CE7E-4204-9370-037162BEE859}" x="674" y="299"/><shape class="zone" refoid="{3153216F-D09A-4E1D-8102-C514D6BFB3AC}" x="461" y="249"/><shape class="zone" refoid="{4C9A5B75-FBD7-4974-B44A-F89BBC29355D}" x="543" y="400"/><shape class="zone" refoid="{90F7F3F8-40E3-44FE-8CDD-03DB48BE7CF7}" x="525" y="457"/><shape class="zone" refoid="{7EB1644E-82AE-4264-93B9-DFD721DC2438}" x="451" y="464"/><shape class="zone" refoid="{97AB4EFC-C9BC-405A-8952-70AD5B86A0EB}" x="424" y="531"/><shape class="zone" refoid="{41875A18-5984-4951-90DC-72D5E78D50D9}" x="385" y="370"/><shape class="zone" refoid="{2211A390-0E50-436F-ADD1-AE58969434A9}" x="371" y="462"/><shape class="zone" refoid="{9AB45DB3-8608-4E7B-9322-2E2E1B7BFFE4}" x="708" y="355"/><shape class="zone" refoid="{4B7A870F-F3C3-4BA1-9D51-648439826519}" x="686" y="408"/><shape class="zone" refoid="{49DB1F85-8144-453A-B540-09976D097243}" x="160" y="10"/><shape class="zone" refoid="{E6FDCAD0-BD78-42AD-8B05-0AAC0623813A}" x="154" y="10"/><shape class="zone" refoid="{47E5D904-2288-4CFD-A209-CEC539BA04C9}" x="582" y="498"/><shape class="zone" refoid="{CD970703-F532-4022-91D1-8FA897FCE0D6}" x="503" y="313"/><shape class="zone" refoid="{4A1723D2-C41D-47F4-B65D-6202D498768D}" x="158" y="10"/><shape class="zone" refoid="{C7ED9FC9-C9F1-4D53-B819-2C2BCCFDE3D2}" x="626" y="345"/><shape class="zone" refoid="{6E9FBD28-696E-4B58-8297-C3BB73B65E79}" x="538" y="253"/><shape class="zone" refoid="{AEAFD081-59C1-472B-8784-191F9192867C}" x="596" y="275"/><shape class="zone" refoid="{BE4F117D-B167-4116-9CFB-86A339FC0A12}" x="603" y="209"/><shape class="zone" refoid="{DE395845-30BA-4B8C-A8F3-0745289002A1}" x="563" y="145"/><shape class="zone" refoid="{57029FAC-B471-48E0-8ED4-910D566AB297}" x="556" y="324"/><shape class="zone" refoid="{0519949E-8C02-4152-845D-D19A88B26C83}" x="221" y="219"/><shape class="zone" refoid="{1AF1FFE4-BFDB-459C-B306-6A14E59F78E7}" x="599" y="394"/><shape class="zone" refoid="{42DD8ABC-C6B6-4E68-8AC9-87DA3C497CC5}" x="441" y="323"/><shape class="zone" refoid="{80B21CF8-36DD-4B6A-B63F-B45C4E18C129}" x="657" y="239"/><shape class="zone" refoid="{CDEE405D-EF57-423A-9094-E9CE2CD7D8C1}" x="384" y="268"/><shape class="zone" refoid="{AD3F23CF-07AA-4C87-B93E-926199775ADA}" x="509" y="205"/><shape class="zone" refoid="{84DD71FC-094B-4037-859A-89C24D589A71}" x="159" y="10"/><shape class="zone" refoid="{6D0FA0E6-FFC9-4F58-83A5-FBBC30DD23FB}" x="366" y="156"/></view><view oid="{8C8BB1F5-2699-4E5A-9078-B0BBB24E6132}" refoid="{8C8BB1F5-2699-4E5A-9078-B0BBB24E6132}" script="subzone.xsl" background="am3attica.png" w="1254" h="868"/><view oid="{6CE1D8AE-5312-4D01-9B43-604FFE1DE93F}" refoid="{6CE1D8AE-5312-4D01-9B43-604FFE1DE93F}" script="subzone.xsl" background="Greece_prefectures_map.png" w="800" h="700"><shape class="zone" refoid="{3FC03838-5A56-49D1-828D-0F66F27A168C}" x="340" y="343"/><shape class="zone" refoid="{06F63FB2-FA56-45AE-A3A9-1CCB7D1E21B5}" x="221" y="265"/><shape class="zone" refoid="{65189DF9-220D-4D2A-A81B-F203FC61B5B1}" x="220" y="394"/><shape class="zone" refoid="{BB51CEE8-ADE6-41F6-9A03-A3F7BDAECB4E}" x="416" y="599"/><shape class="zone" refoid="{3C9DAE00-1FB5-48A3-A79A-BEEF63C66B7D}" x="463" y="296"/><shape class="zone" refoid="{1D34AA42-20E4-491C-9D15-7995917454A4}" x="105" y="262"/><shape class="zone" refoid="{684B729D-AAC5-482C-84E1-13A06ED1677D}" x="181" y="156"/><shape class="zone" refoid="{476C006A-4754-4721-B0D7-233692E76F76}" x="262" y="61"/><shape class="zone" refoid="{251E1D33-E988-4EA0-ADE6-12376D4F30A1}" x="262" y="126"/><shape class="zone" refoid="{5ED4EF51-0B0F-4122-BB27-78871763D72B}" x="418" y="62"/></view><view oid="{6F0AB76E-57CE-4DC9-AD19-72986FBD497D}" refoid="{6F0AB76E-57CE-4DC9-AD19-72986FBD497D}" script="subzone.xsl" background="Greece_prefectures_map.png" w="800" h="700"><shape class="zone" refoid="{6472B6AB-8579-4FB9-8B29-37ADE3BFC3D2}" x="328" y="350"/><shape class="zone" refoid="{879C5479-3E88-4AAD-9F7B-EFB92DCDEF0C}" x="226" y="263"/><shape class="zone" refoid="{1142D012-A755-442D-962F-63BE12305FD6}" x="115" y="261"/><shape class="zone" refoid="{62B4CAA5-5502-498A-9465-3255E42E3E19}" x="231" y="405"/><shape class="zone" refoid="{E54BCA03-8548-4FD6-AE97-5B5AD1672800}" x="424" y="590"/><shape class="zone" refoid="{DAF82658-28F3-49A7-8535-2DE6F24E5B3C}" x="464" y="405"/><shape class="zone" refoid="{7A356F62-0CF6-4CE8-8DE3-E15B825A4FC1}" x="360" y="275"/><shape class="zone" refoid="{2C47967E-F011-4A36-B3F7-2890456CAF62}" x="489" y="585"/><shape class="zone" refoid="{63D630A3-F6F3-4BC0-8342-DA3F9CE138B7}" x="130" y="366"/></view><view oid="{FF651EB4-890A-4FAF-A396-A332D8564BFD}" refoid="{FF651EB4-890A-4FAF-A396-A332D8564BFD}" script="subzone.xsl" background="Greece_prefectures_map.png" w="800" h="700"><shape class="zone" refoid="{62112094-F92F-4393-9C09-9948B31C5289}" x="260" y="118"/><shape class="zone" refoid="{F6728358-E22F-497E-BB0D-554DA90B2D6A}" x="404" y="52"/><shape class="zone" refoid="{1B666076-8D6C-41F9-9354-6B3404009C70}" x="203" y="78"/><shape class="zone" refoid="{994B73B2-3E8B-4939-A251-85CEF94AD604}" x="199" y="200"/></view><view oid="{62112094-F92F-4393-9C09-9948B31C5289}" refoid="{62112094-F92F-4393-9C09-9948B31C5289}" script="subzone.xsl" background="am4thessaloniki.png" w="1254" h="868"><shape class="zone" refoid="{598DADFC-96CB-4FC7-98DA-F910D1482FCB}" x="510" y="326"/><shape class="zone" refoid="{72019C0F-6DB6-4654-836A-A0EFBF991341}" x="654" y="182"/></view></views>
		</cfg></nms>
</generex>
