<?xml version="1.0" encoding="ISO-8859-1"?>
<generex>
	<nms><cfg>
			<!-- classes: Common object attributes -->
			<classes oid="2">
				<class oid="zones">
					<view script="nmsZones.xsl"/>
					<shape src="zones.gif" w="16" h="16"/>
				</class>
				<class oid="zone">
					<view script="nmsZone.xsl"/>
					<shape src="zone.gif" w="32" h="32"/>
				</class>
				<class oid="host">
					<view script="nmsHost.xsl"/>
					<shape src="host.gif" w="16" h="16"/>
				</class>
				<class oid="service">
					<shape src="service.gif" w="16" h="16"/>
				</class>
				<class oid="upsman">
					<service name="UpsMan" port="5769" checkInterval="10" timeout="8" retries="3" netLostDelay="30"/>
					<shape src="ups.gif" w="16" h="16"/>
				</class>
				<class oid="cs121" use="upsman" flags="1">
					<service name="CS121/141 compatible (UPSTCP)"/>
				</class>
				<class oid="siteman" use="upsman">
					<service name="Site Manager compatible"/>
				</class>
				<class oid="sitemon" use="upsman">
					<service name="Site Monitor compatible"/>
				</class>
				<class oid="snmpups" use="upsman" flags="1">
					<service name="SNMP: UPS -RFC 1628 compliant" clsid="{132C90AA-47EE-44e1-9AEB-96E82C8791AC}" port="public"/>
				</class>
				<class oid="apcsnmpups" use="snmpups" flags="1">
					<service name="SNMP: APC smart network" clsid="{02F8D288-7F5E-46c4-98E1-7DDC196D1BE6}"/>
				</class>
				<class oid="eatonsnmpups" use="snmpups" flags="1">
					<service name="SNMP: EATON/Powerware/HP"/>
				</class>
				<class oid="gedesnmpups" use="snmpups" flags="1">
					<service name="SNMP: GE GEDE CP4/IMV Card"/>
				</class>
				<class oid="liebertsnmpups" use="snmpups" flags="1">
					<service name="SNMP: Liebert OC Webcard"/>
				</class>
				<class oid="masterguardsnmpups" use="snmpups" flags="1">
					<service name="SNMP: Masterguard/Oneac"/>
				</class>
				<class oid="mgesnmpups" use="snmpups" flags="1">
					<service name="SNMP: MGE Mini"/>
				</class>
				<class oid="riellosnmpups" use="snmpups" flags="1">
					<service name="SNMP: Riello/Aros NETMAN"/>
				</class>
				<class oid="socomecsnmpups" use="snmpups" flags="1">
					<service name="SNMP: SOCOMEC Netvison"/>
				</class>
				<class oid="tripplitesnmpups" use="snmpups" flags="1">
					<service name="SNMP: Tripplite"/>
				</class>
				<class oid="relionsnmpups" use="snmpups" flags="1">
					<service name="SNMP: ReliOn Inc." clsid="{A68290E9-9EA7-4076-8B8A-8D4F391AF759}"/>
				</class>
				<class oid="opcdev" use="upsman" flags="1">
					<service name="OPC - SIMATIC NET compiliant" clsid="{592B15E2-E24C-46d5-BEBD-14A4A43B21BB}"/>
				</class>
				<class oid="rasdev" use="upsman" flags="1">
					<service name="RASManager compatible" clsid="{D0296B12-2765-4617-8C17-F65D419F9B9C}"/>
				</class>
				<class oid="maildev" use="upsman" flags="1">
					<service name="E-Mail Traps" clsid="{428B9C4B-B25F-498F-BFA6-5575EA73729F}" pop3address="" pop3interval="120000" pop3user="" pop3port="110" pop3security="1" pop3flags="3" pop3pwd=""/>
				</class>
				<class oid="modbusdev" use="upsman" flags="1">
					<service name="Modbus over TCP/IP agent" clsid="{18CE8AC5-7E3F-4fa4-8016-902689118318}"/>
				</class>
				<class oid="disabled">
					<service name="Not Available" port="5769"/>
				</class>
			</classes>
			<!-- groups: Node group names/numbers -->
			<groups oid="3">
				<group oid="any" name="ANY"/>
				<group oid="dis" name="DISABLED"/>
				<group oid="std" name="STANDARD"/>
			</groups>
		</cfg></nms>
</generex>
