<?xml version="1.0" encoding="ISO-8859-1"?>
<generex>
	<nms><cfg>
			<!-- commands: Command definitions -->
			<commands oid="5">
				<command oid="dis" name="NONE" log="0">
					<msg><![CDATA[]]></msg>
					<targets/>
					<exec><![CDATA[]]></exec>
					<args><![CDATA[]]></args>
					<wdir><![CDATA[]]></wdir>
				</command>
				<command oid="nms" name="SYSTEM">
					<targets>
						<target oid="_abox">
							<exec><![CDATA[nmsAlarm.exe]]></exec>
							<args><![CDATA["$(TIME): SYSTEM: $(MSG)"]]></args>
							<wdir><![CDATA[]]></wdir>
							<targets/></target>
					</targets>
					<exec><![CDATA[]]></exec>
					<args><![CDATA[]]></args>
					<wdir><![CDATA[]]></wdir>
				</command>
				<command oid="std" name="DEFAULT">
					<targets>
						<target oid="_abox">
							<exec><![CDATA[nmsAlarm.exe]]></exec>
							<args><![CDATA["$(TIME): $(SITE): $(SERVICE): $(MSG)"]]></args>
							<wdir><![CDATA[]]></wdir>
							<targets/></target>
					</targets>
					<exec><![CDATA[]]></exec>
					<args><![CDATA[]]></args>
					<wdir><![CDATA[]]></wdir>
				</command>
			</commands>
			<!-- events: The event filters -->
			<events oid="6">
				<filters oid="{AE6AEED7-1A10-46c4-BAAF-0EE3F48D9803}" refoid="10.1" name="ATS Events">
				</filters>
				<filters oid="{C8B335B0-2B64-4613-AA49-676521F947B9}" refoid="8.1" name="AUX Events">
				</filters>
				<filters oid="{76B39ED2-7907-4b74-8EE4-9EAA9CFC8B0A}" refoid="12.1" name="BACS Events">
					<filter refoid="12.1.1.1" prio="e" act="1" inv="0" flags="0" name="bacsCommunicationsLost" delay="0"><cmd refoid="std"/><msg><![CDATA[$(EVENT)]]></msg><match grpoid="any"/></filter><filter refoid="12.1.1.11" prio="e" act="1" inv="0" flags="0" name="bacsTemperatureHigh" delay="0"><cmd refoid="std"/><msg><![CDATA[$(EVENT)]]></msg><match grpoid="any"/></filter><filter refoid="12.1.1.13" prio="e" act="1" inv="0" flags="0" name="bacsResistorHigh" delay="0"><cmd refoid="std"/><msg><![CDATA[$(EVENT)]]></msg><match grpoid="any"/></filter><filter refoid="12.1.1.15" prio="e" act="1" inv="0" flags="0" name="bacsEqualizingErr" delay="0"><cmd refoid="std"/><msg><![CDATA[$(EVENT)]]></msg><match grpoid="any"/></filter><filter refoid="12.1.1.2" prio="e" act="1" inv="0" flags="0" name="bacsSystemFailure" delay="0"><cmd refoid="std"/><msg><![CDATA[$(EVENT)]]></msg><match grpoid="any"/></filter><filter refoid="12.1.1.3" prio="e" act="1" inv="0" flags="0" name="bacsVoltageFailure" delay="0"><cmd refoid="std"/><msg><![CDATA[$(EVENT)]]></msg><match grpoid="any"/></filter><filter refoid="12.1.1.4" prio="e" act="1" inv="0" flags="0" name="bacsTemperatureFailure" delay="0"><cmd refoid="std"/><msg><![CDATA[$(EVENT)]]></msg><match grpoid="any"/></filter><filter refoid="12.1.1.5" prio="e" act="1" inv="0" flags="0" name="bacsResistorFailure" delay="0"><cmd refoid="std"/><msg><![CDATA[$(EVENT)]]></msg><match grpoid="any"/></filter><filter refoid="12.1.1.6" prio="e" act="1" inv="0" flags="0" name="bacsGeneralAlarm" delay="0"><cmd refoid="std"/><msg><![CDATA[$(EVENT)]]></msg><match grpoid="any"/></filter><filter refoid="12.1.1.9" prio="e" act="1" inv="0" flags="0" name="bacsVoltageHigh" delay="0"><cmd refoid="std"/><msg><![CDATA[$(EVENT)]]></msg><match grpoid="any"/></filter></filters>
				<filters oid="{5298DF6D-900F-4f58-A1AF-A1ACD2D92C86}" refoid="13.1" name="Device Events">
				</filters>
				<filters oid="{DF601CA9-360A-4ee1-8CE5-0F4F734FCAB4}" refoid="16.1" name="E-Mail Traps">
					<filter refoid="16.1.1.2" prio="e" act="1" inv="0" flags="0" name="mailProcessError" delay="0"><cmd refoid="std"/><msg><![CDATA[$(EVENT)]]></msg><match grpoid="any"/></filter><filter refoid="16.1.1.3" prio="e" act="1" inv="0" flags="0" name="mailConnectError" delay="0"><cmd refoid="std"/><msg><![CDATA[$(EVENT)]]></msg><match grpoid="any"/></filter><filter refoid="16.1.1.4" prio="e" act="1" inv="0" flags="0" name="mailCertificationError" delay="0"><cmd refoid="std"/><msg><![CDATA[$(EVENT)]]></msg><match grpoid="any"/></filter><filter refoid="16.1.1.5" prio="e" act="1" inv="0" flags="0" name="mailHeartbeatError" delay="0"><cmd refoid="std"/><msg><![CDATA[$(EVENT)]]></msg><match grpoid="any"/></filter></filters>
				<filters oid="{15E2A879-5504-452b-A16D-BD7C10C6E921}" refoid="15.1" name="RAS Manager">
				</filters>
				<filters oid="{F944F213-47CD-4e9e-B387-2C7D5F615781}" refoid="9.1" name="Redundancy Events">
				</filters>
				<filters oid="{430E9CB1-F6BD-48b9-B120-8DBF030E718F}" refoid="14.1" name="Sensor Events">
				</filters>
				<filters oid="{2106C740-1B00-423b-9D47-971424E667E8}" refoid="7.1" name="Site Manager">
				</filters>
				<filters oid="{9DE490A6-39B3-4a7e-8338-FFF9D77A3E21}" refoid="5.1" name="Site Monitor">
				</filters>
				<filters oid="{E596F232-46BD-493e-AA2B-C6B2491D96D1}" refoid="0" name="System Events">
					<filter refoid="1.1" act="1" prio="u" name="UNMS started">
						<cmd refoid="nms"/>
					</filter>
					<filter refoid="1.2" prio="u" act="1" name="UNMS stopped">
						<cmd refoid="nms"/>
					</filter>
					<filter refoid="1.3" prio="i" act="1" name="ACK by User">
						<cmd refoid="std"/>
						<msg><![CDATA[User $(USER) has acknowledged alarms]]></msg>
					</filter>
					<filter refoid="4.0.1" act="1" prio="e" name="Network lost">
						<cmd refoid="std"/>
					</filter>
					<filter refoid="4.0.1" act="0" prio="n" name="Network restored">
						<cmd refoid="std"/>
					</filter>
				</filters>
				<filters oid="{66D2F487-55B5-4ac6-83C1-0E0288DA75C1}" refoid="4.1" name="UPS Events">
					<filter refoid="4.1.1.0" act="1" prio="e" name="Unknown Device">
						<cmd refoid="std"/>
					</filter>
					<filter refoid="4.1.1.2" act="1" prio="e" name="Powerfail" inv="0" delay="0">
						<cmd refoid="std"/>
					</filter>
					<filter refoid="4.1.1.2" act="0" prio="n" name="Power restored">
						<cmd refoid="std"/>
					</filter>
					<filter refoid="4.1.1.3" act="1" prio="e" name="Low Battery" inv="0" delay="0">
						<cmd refoid="std"/>
					</filter>
					<filter refoid="4.1.1.5" prio="w2" act="1" name="Temperature Bad">
						<cmd refoid="std"/>
					</filter>
					<filter refoid="4.1.1.8" prio="w2" act="1" name="Output Overload">
						<cmd refoid="std"/>
					</filter>
					<filter refoid="4.1.1.9" act="1" prio="w2" name="On Bypass">
						<cmd refoid="std"/>
					</filter>
					<filter refoid="4.1.1.18" act="1" prio="e" name="General Fault">
						<cmd refoid="std"/>
					</filter>
					<filter refoid="4.1.1.18" prio="n" act="0" name="Normal operation">
						<cmd refoid="std"/>
					</filter>
					<filter refoid="4.1.1.20" act="1" prio="e" name="Communication Lost">
						<cmd refoid="std"/>
					</filter>
					<filter refoid="4.1.1.20" prio="n" act="0" name="Communication restored">
						<cmd refoid="std"/>
					</filter>
					<filter refoid="4.1.1.24" prio="w2" act="1" inv="0" name="Test running">
						<cmd refoid="std"/>
					</filter>
				</filters>
			</events>
		</cfg></nms>
</generex>
